feature,importance
stage_Ｊ２,0.44740429060689374
capa,0.37642196503303593
month,0.07948124652463039
day_of_week,0.034426583990658705
is_popular,0.020690813942864632
weather_cat_Sunny,0.015957414718788678
weather_cat_Rainy,0.01147036255112065
weather_cat_Indoor,0.008866751727907926
is_derby,0.005280570904099264
